Vforce,Charge
-489.6812E-6,000.0000E+0
979.8224E-6,12.6462E-15
521.1931E-6,51.3367E-15
1.6951E-3,77.0070E-15
1.8412E-3,37.5469E-15
1.1175E-3,9.0557E-15
1.5422E-3,-6.4120E-15
2.2778E-3,26.1157E-15
1.0971E-3,60.0066E-15
393.7146E-6,27.4013E-15
-197.4741E-6,-16.8632E-15
-892.4312E-6,-16.5560E-15
-1.7978E-3,10.4769E-15
1.1208E-3,43.6896E-15
-194.0869E-6,66.6138E-15
1.8548E-3,20.3020E-15
-192.3937E-6,-24.6465E-15
2.4172E-3,-46.9674E-15
684.2290E-6,18.4669E-15
2.4121E-3,33.1662E-15
689.3075E-6,25.9298E-15
-41.2117E-6,12.5204E-15
-1.6331E-3,-6.3747E-15
-482.9086E-6,-2.6470E-15
-469.3598E-6,25.7661E-15
699.4710E-6,-10.2618E-15
-1.6246E-3,-31.8966E-15
-2.4894E-3,-4.8541E-15
257.7717E-6,-5.9197E-15
-39.5144E-6,-15.9006E-15
4.8891E-3,-51.2424E-15
-1.0385E-3,-34.4816E-15
553.3665E-6,41.2408E-15
976.4366E-6,18.2353E-15
838.8011E-6,-25.3357E-15
-323.2557E-6,-51.7691E-15
973.0489E-6,-25.4132E-15
-1.4870E-3,26.9933E-15
2.8741E-3,54.0422E-15
826.9453E-6,-36.1525E-15
-2.3653E-3,-78.3608E-15
-1.0605E-3,-54.7510E-15
543.2039E-6,-5.0842E-15
1.5642E-3,6.8785E-15
-916.1376E-6,-1.0487E-15
-1.2016E-3,-22.0011E-15
98.1212E-6,-38.1544E-15
1.2754E-3,-20.0214E-15
-618.8515E-6,37.1848E-15
-476.1333E-6,-64.6659E-15
-2.2158E-3,-31.4580E-15
-620.5442E-6,62.7695E-15
-1.1982E-3,-43.8804E-15
383.5548E-6,29.7773E-15
556.7528E-6,25.9725E-15
986.5973E-6,-91.6409E-15
-465.9739E-6,103.3712E-15
1.4114E-3,35.1174E-15
-1.4887E-3,-54.3932E-15
696.0829E-6,49.4377E-15
101.5065E-6,-11.2777E-15
536.4318E-6,-691.4661E-18
2.4426E-3,89.4320E-15
1.2703E-3,-94.6851E-15
-338.4978E-6,-47.7653E-15
390.3283E-6,92.3965E-15
-464.2789E-6,33.7415E-15
1.1175E-3,71.0668E-15
-761.5669E-6,-34.8964E-15
-770.0335E-6,-117.5523E-15
-1.8982E-3,84.3194E-15
828.6399E-6,46.2299E-15
1.4046E-3,29.3931E-15
-1.0470E-3,2.2736E-15
534.7373E-6,-96.8347E-15
1.1158E-3,2.1929E-15
3.0151E-3,99.1706E-15
-758.1815E-6,25.4311E-15
-316.4822E-6,-1.0001E-15
-1.1948E-3,-77.4830E-15
820.1737E-6,-56.6146E-15
-1.0673E-3,67.7745E-15
1.9890E-3,57.1102E-15
-1.4853E-3,-2.9192E-15
-1.0521E-3,-46.4944E-15
-1.7775E-3,-109.9527E-15
-1.3409E-3,8.2708E-15
-2.6372E-3,62.7357E-15
1.2585E-3,-8.9486E-15
-776.8089E-6,-52.5280E-15
3.4145E-3,-55.6567E-15
-1.6348E-3,-51.2424E-15
-173.7659E-6,67.6704E-15
1.2670E-3,54.9493E-15
1.5693E-3,3.8395E-15
237.4507E-6,-69.9047E-15
98.1212E-6,-84.0013E-15
-2.8036E-3,-10.3468E-15
-471.0543E-6,59.2011E-15
682.5363E-6,18.3688E-15
4.0040E-3,26.8988E-15
19.7430E-3,178.7161E-15
32.8725E-3,454.6212E-15
52.1096E-3,747.6755E-15
63.2055E-3,968.7356E-15
79.2435E-3,1.1528E-12
101.1871E-3,1.3540E-12
110.8626E-3,1.5860E-12
126.3111E-3,1.8304E-12
139.0277E-3,2.0610E-12
157.5071E-3,2.2917E-12
169.7888E-3,2.4723E-12
185.5058E-3,2.6913E-12
200.9645E-3,2.9439E-12
213.8153E-3,3.2253E-12
231.0137E-3,3.4408E-12
246.0205E-3,3.6784E-12
262.1928E-3,3.8919E-12
278.2444E-3,4.1472E-12
290.6484E-3,4.3607E-12
307.7041E-3,4.6044E-12
322.4204E-3,4.8982E-12
337.3065E-3,5.1912E-12
351.3042E-3,5.3931E-12
365.8964E-3,5.6909E-12
382.0619E-3,5.9565E-12
396.6575E-3,6.2681E-12
415.4359E-3,6.6057E-12
430.1472E-3,6.9180E-12
442.6923E-3,7.1705E-12
458.7523E-3,7.4725E-12
475.7927E-3,7.8259E-12
489.8056E-3,8.2252E-12
505.2710E-3,8.6170E-12
521.1545E-3,8.8888E-12
534.1311E-3,9.2099E-12
547.5461E-3,9.6442E-12
565.4766E-3,10.0860E-12
578.7590E-3,10.5423E-12
594.9313E-3,10.9635E-12
608.2068E-3,11.3642E-12
624.5083E-3,11.8129E-12
640.7043E-3,12.3568E-12
655.1419E-3,12.8624E-12
670.5938E-3,13.4084E-12
686.1952E-3,13.9908E-12
699.9024E-3,14.5115E-12
716.6675E-3,15.0678E-12
729.0750E-3,15.7132E-12
751.3362E-3,16.3498E-12
761.8747E-3,17.0274E-12
778.7843E-3,17.7126E-12
792.0361E-3,18.3862E-12
809.5335E-3,19.1701E-12
823.6671E-3,19.9472E-12
841.0200E-3,20.7373E-12
852.5441E-3,21.4945E-12
869.3041E-3,22.2667E-12
882.5916E-3,23.1309E-12
898.0469E-3,24.0060E-12
910.8808E-3,24.8605E-12
928.0741E-3,25.7069E-12
944.8376E-3,26.6060E-12
959.5641E-3,27.4900E-12
972.1159E-3,28.4522E-12
992.2008E-3,29.4267E-12
1.0023E+0,30.4081E-12
1.0174E+0,31.3545E-12
1.0329E+0,32.3859E-12
1.0472E+0,33.4420E-12
1.0632E+0,34.5481E-12
1.0782E+0,35.7071E-12
1.0930E+0,36.8420E-12
1.1100E+0,37.9516E-12
1.1240E+0,39.1092E-12
1.1415E+0,40.3243E-12
1.1509E+0,41.5978E-12
1.1718E+0,42.8767E-12
1.1851E+0,44.1467E-12
1.2020E+0,45.3831E-12
1.2153E+0,46.6709E-12
1.2289E+0,48.0109E-12
1.2461E+0,49.3488E-12
1.2606E+0,50.6455E-12
1.2768E+0,51.9560E-12
1.2868E+0,53.3117E-12
1.3073E+0,54.6927E-12
1.3217E+0,56.0217E-12
1.3362E+0,57.3308E-12
1.3527E+0,58.6536E-12
1.3661E+0,59.9846E-12
1.3802E+0,61.2594E-12
1.3957E+0,62.5507E-12
1.4127E+0,63.8735E-12
1.4257E+0,65.1586E-12
1.4406E+0,66.4340E-12
1.4560E+0,67.7897E-12
1.4747E+0,69.0988E-12
1.4874E+0,70.3825E-12
1.5047E+0,71.5943E-12
1.5157E+0,72.7985E-12
1.5337E+0,74.1034E-12
1.5487E+0,75.3940E-12
1.5665E+0,76.6078E-12
1.5778E+0,77.7098E-12
1.5951E+0,79.0285E-12
1.6098E+0,80.2265E-12
1.6283E+0,81.6254E-12
1.6462E+0,82.7542E-12
1.6539E+0,83.9077E-12
1.6727E+0,85.0049E-12
1.6874E+0,86.2694E-12
1.7014E+0,87.4949E-12
1.7154E+0,88.7779E-12
1.7298E+0,89.9046E-12
1.7475E+0,91.0286E-12
1.7616E+0,92.1930E-12
1.7801E+0,93.4925E-12
1.7943E+0,94.6460E-12
1.8101E+0,95.6966E-12
1.8227E+0,96.8028E-12
1.8393E+0,97.9151E-12
1.8530E+0,99.0384E-12
1.8680E+0,100.1391E-12
1.8867E+0,101.2562E-12
1.8994E+0,102.3514E-12
1.9144E+0,103.4863E-12
1.9298E+0,104.4828E-12
1.9397E+0,105.5005E-12
1.9587E+0,106.4935E-12
1.9755E+0,107.5743E-12
1.9885E+0,108.6345E-12
2.0067E+0,109.5871E-12
2.0208E+0,110.5301E-12
2.0342E+0,111.4710E-12
2.0520E+0,112.4901E-12
2.0659E+0,113.4063E-12
2.0837E+0,114.2554E-12
2.0959E+0,115.1120E-12
2.1127E+0,115.9837E-12
2.1265E+0,116.9040E-12
2.1424E+0,117.8374E-12
2.1575E+0,118.6563E-12
2.1739E+0,119.4183E-12
2.1813E+0,120.2756E-12
2.2023E+0,121.1486E-12
2.2158E+0,122.0251E-12
2.2336E+0,122.7556E-12
2.2459E+0,123.5114E-12
2.2634E+0,124.3145E-12
2.2767E+0,125.1567E-12
2.2939E+0,125.9379E-12
2.3083E+0,126.6430E-12
2.3258E+0,127.3213E-12
2.3407E+0,128.0216E-12
2.3544E+0,128.8254E-12
2.3694E+0,129.5997E-12
2.3865E+0,130.2795E-12
2.4005E+0,130.9016E-12
2.4151E+0,131.5827E-12
2.4308E+0,132.3515E-12
2.4450E+0,133.0806E-12
2.4584E+0,133.7747E-12
2.4750E+0,134.4448E-12
2.4936E+0,135.1965E-12
2.5075E+0,135.8934E-12
2.5224E+0,136.5080E-12
2.5374E+0,137.2316E-12
2.5530E+0,137.8290E-12
2.5670E+0,138.4518E-12
2.5817E+0,139.2481E-12
2.5985E+0,139.7695E-12
2.6126E+0,140.4574E-12
2.6278E+0,141.1899E-12
2.6447E+0,141.6695E-12
2.6574E+0,142.3848E-12
2.6742E+0,142.9363E-12
2.6903E+0,143.6085E-12
2.7048E+0,144.1539E-12
2.7199E+0,144.6958E-12
2.7342E+0,145.2295E-12
2.7495E+0,146.0031E-12
2.7634E+0,146.4470E-12
2.7800E+0,147.0287E-12
2.7972E+0,147.5768E-12
2.8102E+0,148.0076E-12
2.8252E+0,148.6832E-12
2.8407E+0,149.2786E-12
2.8545E+0,149.7156E-12
2.8713E+0,150.3069E-12
2.8857E+0,150.7803E-12
2.9001E+0,151.2584E-12
2.9136E+0,151.8429E-12
2.9334E+0,152.2888E-12
2.9451E+0,152.8053E-12
2.9657E+0,153.2835E-12
2.9787E+0,153.7322E-12
2.9936E+0,154.1767E-12
3.0086E+0,154.6426E-12
3.0226E+0,155.0926E-12
3.0298E+0,155.4727E-12
3.0157E+0,155.3606E-12
3.0007E+0,155.2128E-12
2.9820E+0,155.0829E-12
2.9686E+0,154.9262E-12
2.9526E+0,154.7736E-12
2.9396E+0,154.6326E-12
2.9228E+0,154.4506E-12
2.9126E+0,154.2891E-12
2.8964E+0,154.1235E-12
2.8785E+0,153.9359E-12
2.8648E+0,153.7525E-12
2.8509E+0,153.5403E-12
2.8355E+0,153.3637E-12
2.8183E+0,153.1755E-12
2.8012E+0,152.9954E-12
2.7842E+0,152.7969E-12
2.7735E+0,152.5765E-12
2.7586E+0,152.3910E-12
2.7417E+0,152.2027E-12
2.7293E+0,152.0097E-12
2.7123E+0,151.7975E-12
2.6978E+0,151.5798E-12
2.6853E+0,151.3621E-12
2.6659E+0,151.2198E-12
2.6536E+0,150.9863E-12
2.6354E+0,150.7446E-12
2.6222E+0,150.5104E-12
2.6061E+0,150.3324E-12
2.5920E+0,150.2162E-12
2.5767E+0,149.9827E-12
2.5615E+0,149.7040E-12
2.5452E+0,149.5343E-12
2.5312E+0,149.3035E-12
2.5115E+0,149.1331E-12
2.4997E+0,148.9483E-12
2.4844E+0,148.6702E-12
2.4691E+0,148.4656E-12
2.4532E+0,148.2677E-12
2.4362E+0,148.0562E-12
2.4221E+0,147.8494E-12
2.4093E+0,147.6105E-12
2.3917E+0,147.3831E-12
2.3800E+0,147.1901E-12
2.3653E+0,146.9943E-12
2.3484E+0,146.7842E-12
2.3346E+0,146.5411E-12
2.3160E+0,146.3001E-12
2.3027E+0,146.0865E-12
2.2849E+0,145.8914E-12
2.2710E+0,145.6723E-12
2.2583E+0,145.4182E-12
2.2431E+0,145.2334E-12
2.2258E+0,145.0054E-12
2.2126E+0,144.7767E-12
2.1973E+0,144.5597E-12
2.1830E+0,144.3475E-12
2.1689E+0,144.1126E-12
2.1502E+0,143.9134E-12
2.1396E+0,143.6882E-12
2.1230E+0,143.4547E-12
2.1098E+0,143.2343E-12
2.0919E+0,143.0282E-12
2.0737E+0,142.8256E-12
2.0598E+0,142.5256E-12
2.0464E+0,142.2805E-12
2.0312E+0,142.0956E-12
2.0146E+0,141.9136E-12
2.0012E+0,141.6767E-12
1.9863E+0,141.3863E-12
1.9701E+0,141.1528E-12
1.9561E+0,140.9790E-12
1.9384E+0,140.7668E-12
1.9241E+0,140.5538E-12
1.9108E+0,140.2696E-12
1.8946E+0,140.0430E-12
1.8785E+0,139.8376E-12
1.8633E+0,139.6350E-12
1.8488E+0,139.3741E-12
1.8330E+0,139.0871E-12
1.8162E+0,138.8735E-12
1.8031E+0,138.6682E-12
1.7905E+0,138.4669E-12
1.7744E+0,138.1944E-12
1.7559E+0,137.9026E-12
1.7417E+0,137.6787E-12
1.7310E+0,137.4905E-12
1.7137E+0,137.2378E-12
1.6965E+0,136.9996E-12
1.6792E+0,136.6955E-12
1.6671E+0,136.4695E-12
1.6535E+0,136.2648E-12
1.6366E+0,135.9991E-12
1.6207E+0,135.7259E-12
1.6076E+0,135.5459E-12
1.5914E+0,135.3207E-12
1.5765E+0,135.0296E-12
1.5599E+0,134.7529E-12
1.5442E+0,134.5311E-12
1.5300E+0,134.2579E-12
1.5138E+0,134.0792E-12
1.4985E+0,133.7799E-12
1.4832E+0,133.5129E-12
1.4683E+0,133.2321E-12
1.4540E+0,133.0740E-12
1.4399E+0,132.8268E-12
1.4224E+0,132.5618E-12
1.4100E+0,132.2810E-12
1.3937E+0,131.9872E-12
1.3798E+0,131.7537E-12
1.3663E+0,131.5717E-12
1.3457E+0,131.2916E-12
1.3306E+0,130.9930E-12
1.3186E+0,130.7136E-12
1.3038E+0,130.5253E-12
1.2875E+0,130.2713E-12
1.2742E+0,129.9850E-12
1.2584E+0,129.6645E-12
1.2429E+0,129.4008E-12
1.2278E+0,129.1687E-12
1.2108E+0,128.9394E-12
1.1967E+0,128.6606E-12
1.1781E+0,128.3695E-12
1.1654E+0,128.0284E-12
1.1511E+0,127.7956E-12
1.1349E+0,127.6026E-12
1.1223E+0,127.3040E-12
1.1063E+0,126.9540E-12
1.0874E+0,126.6739E-12
1.0750E+0,126.4027E-12
1.0598E+0,126.1610E-12
1.0448E+0,125.8774E-12
1.0266E+0,125.5829E-12
1.0134E+0,125.2603E-12
1.0008E+0,125.0090E-12
985.2894E-3,124.7077E-12
966.7913E-3,124.4344E-12
953.6585E-3,124.1413E-12
937.4879E-3,123.8070E-12
924.9191E-3,123.4899E-12
908.0147E-3,123.2002E-12
894.3092E-3,122.9105E-12
882.6086E-3,122.6016E-12
862.6680E-3,122.2660E-12
848.3765E-3,121.9653E-12
831.9019E-3,121.6791E-12
817.7564E-3,121.3475E-12
801.1441E-3,121.0249E-12
787.7310E-3,120.7044E-12
770.3712E-3,120.3729E-12
757.2638E-3,120.0612E-12
743.6756E-3,119.7475E-12
725.0483E-3,119.4105E-12
711.6250E-3,119.1016E-12
697.9111E-3,118.7605E-12
680.9931E-3,118.3789E-12
668.3120E-3,118.0371E-12
652.2757E-3,117.6898E-12
638.8455E-3,117.3398E-12
621.9428E-3,116.9788E-12
606.2190E-3,116.6151E-12
590.6007E-3,116.2294E-12
573.9968E-3,115.8698E-12
560.8606E-3,115.4560E-12
543.9645E-3,115.0888E-12
525.4749E-3,114.7408E-12
513.1950E-3,114.2907E-12
499.7784E-3,113.9174E-12
483.7455E-3,113.5132E-12
470.1641E-3,113.0966E-12
454.8820E-3,112.6753E-12
436.6660E-3,112.2019E-12
424.2518E-3,111.8286E-12
407.9249E-3,111.4031E-12
391.4638E-3,110.9139E-12
378.4787E-3,110.4521E-12
360.8353E-3,109.9725E-12
347.4170E-3,109.5155E-12
330.9558E-3,109.0346E-12
317.8213E-3,108.5172E-12
301.6473E-3,107.9588E-12
286.6235E-3,107.4264E-12
268.8543E-3,106.8830E-12
254.5492E-3,106.3095E-12
239.8414E-3,105.7648E-12
229.8855E-3,105.1186E-12
210.7996E-3,104.4271E-12
193.6114E-3,103.7363E-12
183.2274E-3,102.9420E-12
164.2860E-3,102.2712E-12
150.8761E-3,101.6428E-12
132.9658E-3,100.6229E-12
119.9604E-3,99.8944E-12
105.6790E-3,98.9946E-12
90.0776E-3,97.9788E-12
74.9196E-3,97.1359E-12
58.8935E-3,96.0543E-12
43.1273E-3,94.9453E-12
29.5815E-3,93.9790E-12
12.5242E-3,92.6602E-12
-1.0402E-3,91.5279E-12
-12.0053E-3,90.4244E-12
-30.4830E-3,89.0426E-12
-46.3919E-3,87.8075E-12
-61.8353E-3,86.4517E-12
-78.3066E-3,85.0143E-12
-91.5889E-3,83.7901E-12
-106.3035E-3,82.3356E-12
-123.6548E-3,80.9010E-12
-135.7531E-3,79.4863E-12
-153.1094E-3,77.9454E-12
-167.5369E-3,76.4902E-12
-184.0167E-3,75.1550E-12
-195.9841E-3,73.4673E-12
-214.3547E-3,72.1691E-12
-227.6150E-3,70.5672E-12
-246.1317E-3,69.0853E-12
-257.9480E-3,67.6047E-12
-275.5711E-3,66.1667E-12
-289.8559E-3,64.6738E-12
-306.6244E-3,63.3420E-12
-321.1896E-3,61.9348E-12
-334.0421E-3,60.6167E-12
-350.9567E-3,59.2794E-12
-366.3968E-3,57.9785E-12
-378.0906E-3,56.6967E-12
-392.9598E-3,55.5315E-12
-410.7308E-3,54.3122E-12
-427.9291E-3,53.1134E-12
-440.1904E-3,51.9523E-12
-455.7885E-3,50.8365E-12
-471.2421E-3,49.7515E-12
-486.2608E-3,48.6912E-12
-502.1442E-3,47.6158E-12
-518.4592E-3,46.4506E-12
-534.2135E-3,45.3629E-12
-548.0583E-3,44.3609E-12
-561.7755E-3,43.3129E-12
-578.9654E-3,42.2423E-12
-594.5753E-3,41.1265E-12
-606.8214E-3,40.0600E-12
-621.4289E-3,39.0423E-12
-636.1435E-3,37.9758E-12
-654.3646E-3,36.7976E-12
-664.9049E-3,35.7359E-12
-682.6589E-3,34.7099E-12
-698.8193E-3,33.6749E-12
-714.1251E-3,32.5331E-12
-730.8936E-3,31.3439E-12
-745.3465E-3,30.1979E-12
-756.1587E-3,29.1636E-12
-774.0521E-3,28.0903E-12
-788.6442E-3,26.9327E-12
-802.9426E-3,25.6934E-12
-820.5726E-3,24.4741E-12
-830.2125E-3,23.2527E-12
-846.9878E-3,22.1156E-12
-860.8342E-3,20.9710E-12
-879.7689E-3,19.6707E-12
-896.0924E-3,18.3629E-12
-908.0835E-3,17.1799E-12
-923.8260E-3,16.0195E-12
-940.7118E-3,14.8454E-12
-954.2729E-3,13.6795E-12
-970.0034E-3,12.5774E-12
-984.1811E-3,11.3800E-12
-1.0020E+0,10.1970E-12
-1.0181E+0,9.0928E-12
-1.0337E+0,8.0236E-12
-1.0470E+0,7.0641E-12
-1.0629E+0,6.0442E-12
-1.0789E+0,4.9071E-12
-1.0958E+0,3.8750E-12
-1.1053E+0,2.8928E-12
-1.1245E+0,2.0019E-12
-1.1391E+0,1.0773E-12
-1.1540E+0,151.3932E-15
-1.1709E+0,-818.4034E-15
-1.1854E+0,-1.7560E-12
-1.1989E+0,-2.5791E-12
-1.2175E+0,-3.3720E-12
-1.2278E+0,-4.2067E-12
-1.2460E+0,-5.1422E-12
-1.2594E+0,-6.0428E-12
-1.2723E+0,-6.7521E-12
-1.2908E+0,-7.7136E-12
-1.3069E+0,-8.4572E-12
-1.3202E+0,-9.2453E-12
-1.3360E+0,-10.0081E-12
-1.3516E+0,-10.8380E-12
-1.3647E+0,-11.5870E-12
-1.3807E+0,-12.3690E-12
-1.3965E+0,-13.0769E-12
-1.4132E+0,-13.8198E-12
-1.4296E+0,-14.5709E-12
-1.4454E+0,-15.3844E-12
-1.4609E+0,-16.1108E-12
-1.4723E+0,-16.8818E-12
-1.4903E+0,-17.6185E-12
-1.5068E+0,-18.3613E-12
-1.5201E+0,-19.1097E-12
-1.5364E+0,-19.8574E-12
-1.5494E+0,-20.5728E-12
-1.5606E+0,-21.2924E-12
-1.5839E+0,-22.0579E-12
-1.5991E+0,-22.8741E-12
-1.6122E+0,-23.5937E-12
-1.6296E+0,-24.2899E-12
-1.6420E+0,-24.9827E-12
-1.6561E+0,-25.7530E-12
-1.6727E+0,-26.4959E-12
-1.6883E+0,-27.2792E-12
-1.7022E+0,-27.9967E-12
-1.7163E+0,-28.6813E-12
-1.7322E+0,-29.4544E-12
-1.7466E+0,-30.2768E-12
-1.7598E+0,-31.0374E-12
-1.7796E+0,-31.7522E-12
-1.7937E+0,-32.4834E-12
-1.8067E+0,-33.2475E-12
-1.8232E+0,-34.0268E-12
-1.8363E+0,-34.7875E-12
-1.8522E+0,-35.5358E-12
-1.8727E+0,-36.3136E-12
-1.8817E+0,-37.0791E-12
-1.8970E+0,-37.8049E-12
-1.9136E+0,-38.5779E-12
-1.9294E+0,-39.4332E-12
-1.9458E+0,-40.1994E-12
-1.9589E+0,-40.9326E-12
-1.9745E+0,-41.6577E-12
-1.9893E+0,-42.4787E-12
-2.0053E+0,-43.2991E-12
-2.0208E+0,-44.1119E-12
-2.0371E+0,-44.8739E-12
-2.0505E+0,-45.6353E-12
-2.0660E+0,-46.3802E-12
-2.0808E+0,-47.1608E-12
-2.0982E+0,-48.0243E-12
-2.1142E+0,-48.8748E-12
-2.1269E+0,-49.6575E-12
-2.1403E+0,-50.4031E-12
-2.1526E+0,-51.2351E-12
-2.1666E+0,-52.0719E-12
-2.1884E+0,-52.8826E-12
-2.2001E+0,-53.6845E-12
-2.2154E+0,-54.4726E-12
-2.2290E+0,-55.2703E-12
-2.2457E+0,-56.0372E-12
-2.2624E+0,-56.8198E-12
-2.2795E+0,-57.5969E-12
-2.2925E+0,-58.3748E-12
-2.3102E+0,-59.1869E-12
-2.3221E+0,-59.9202E-12
-2.3408E+0,-60.6514E-12
-2.3530E+0,-61.4011E-12
-2.3692E+0,-62.2029E-12
-2.3832E+0,-62.9451E-12
-2.3971E+0,-63.6880E-12
-2.4121E+0,-64.4192E-12
-2.4303E+0,-65.2135E-12
-2.4440E+0,-65.9982E-12
-2.4606E+0,-66.7417E-12
-2.4720E+0,-67.4270E-12
-2.4920E+0,-68.1582E-12
-2.5067E+0,-68.8949E-12
-2.5200E+0,-69.6248E-12
-2.5398E+0,-70.3272E-12
-2.5515E+0,-70.9988E-12
-2.5711E+0,-71.6895E-12
-2.5822E+0,-72.3803E-12
-2.5999E+0,-73.1081E-12
-2.6137E+0,-73.8194E-12
-2.6287E+0,-74.4958E-12
-2.6411E+0,-75.1523E-12
-2.6559E+0,-75.8259E-12
-2.6716E+0,-76.4796E-12
-2.6893E+0,-77.1512E-12
-2.7035E+0,-77.7933E-12
-2.7187E+0,-78.4251E-12
-2.7346E+0,-79.0343E-12
-2.7498E+0,-79.6147E-12
-2.7645E+0,-80.2280E-12
-2.7809E+0,-80.8913E-12
-2.7964E+0,-81.5361E-12
-2.8076E+0,-82.0829E-12
-2.8266E+0,-82.6537E-12
-2.8397E+0,-83.2211E-12
-2.8534E+0,-83.7720E-12
-2.8683E+0,-84.3442E-12
-2.8871E+0,-84.8882E-12
-2.9011E+0,-85.4357E-12
-2.9193E+0,-85.9366E-12
-2.9333E+0,-86.4621E-12
-2.9483E+0,-86.9431E-12
-2.9623E+0,-87.4330E-12
-2.9791E+0,-87.8872E-12
-2.9927E+0,-88.3764E-12
-3.0088E+0,-88.8026E-12
-3.0270E+0,-89.2431E-12
-3.0275E+0,-89.6288E-12
-3.0158E+0,-89.6271E-12
-2.9991E+0,-89.3903E-12
-2.9864E+0,-89.2837E-12
-2.9704E+0,-89.1737E-12
-2.9566E+0,-89.0260E-12
-2.9389E+0,-88.8090E-12
-2.9255E+0,-88.7319E-12
-2.9108E+0,-88.5397E-12
-2.8945E+0,-88.2699E-12
-2.8761E+0,-88.1620E-12
-2.8621E+0,-87.9327E-12
-2.8485E+0,-87.7651E-12
-2.8325E+0,-87.7401E-12
-2.8169E+0,-87.3675E-12
-2.8029E+0,-87.2459E-12
-2.7870E+0,-87.0358E-12
-2.7734E+0,-86.7743E-12
-2.7564E+0,-86.7527E-12
-2.7415E+0,-86.5070E-12
-2.7262E+0,-86.1687E-12
-2.7129E+0,-86.0936E-12
-2.6970E+0,-85.8959E-12
-2.6819E+0,-85.7372E-12
-2.6677E+0,-85.5943E-12
-2.6516E+0,-85.1978E-12
-2.6373E+0,-85.0260E-12
-2.6224E+0,-84.9935E-12
-2.6069E+0,-84.7409E-12
-2.5910E+0,-84.5260E-12
-2.5769E+0,-84.2947E-12
-2.5619E+0,-84.1189E-12
-2.5444E+0,-84.0294E-12
-2.5288E+0,-83.7597E-12
-2.5132E+0,-83.4735E-12
-2.4970E+0,-83.3580E-12
-2.4829E+0,-83.1630E-12
-2.4676E+0,-82.9982E-12
-2.4530E+0,-82.7812E-12
-2.4336E+0,-82.5293E-12
-2.4199E+0,-82.3260E-12
-2.4084E+0,-82.1475E-12
-2.3938E+0,-81.9497E-12
-2.3779E+0,-81.7623E-12
-2.3629E+0,-81.4932E-12
-2.3474E+0,-81.3051E-12
-2.3317E+0,-81.0991E-12
-2.3162E+0,-80.9047E-12
-2.2980E+0,-80.6707E-12
-2.2884E+0,-80.4606E-12
-2.2716E+0,-80.2189E-12
-2.2556E+0,-80.0822E-12
-2.2422E+0,-79.8755E-12
-2.2239E+0,-79.5928E-12
-2.2101E+0,-79.3806E-12
-2.1958E+0,-79.1705E-12
-2.1818E+0,-79.0173E-12
-2.1626E+0,-78.8449E-12
-2.1532E+0,-78.5409E-12
-2.1340E+0,-78.3027E-12
-2.1195E+0,-78.1056E-12
-2.1054E+0,-77.9442E-12
-2.0883E+0,-77.7821E-12
-2.0754E+0,-77.5398E-12
-2.0593E+0,-77.2399E-12
-2.0427E+0,-77.0058E-12
-2.0299E+0,-76.8169E-12
-2.0154E+0,-76.6706E-12
-2.0000E+0,-76.4194E-12
-1.9847E+0,-76.1414E-12
-1.9694E+0,-75.9375E-12
-1.9551E+0,-75.7494E-12
-1.9383E+0,-75.5166E-12
-1.9218E+0,-75.3209E-12
-1.9097E+0,-75.0725E-12
-1.8938E+0,-74.8473E-12
-1.8768E+0,-74.6159E-12
-1.8632E+0,-74.3627E-12
-1.8436E+0,-74.1347E-12
-1.8319E+0,-73.9548E-12
-1.8186E+0,-73.7248E-12
-1.8073E+0,-73.4784E-12
-1.7842E+0,-73.2196E-12
-1.7685E+0,-73.0280E-12
-1.7545E+0,-72.7953E-12
-1.7378E+0,-72.5640E-12
-1.7278E+0,-72.3388E-12
-1.7097E+0,-72.0951E-12
-1.6956E+0,-71.8672E-12
-1.6801E+0,-71.6407E-12
-1.6657E+0,-71.3874E-12
-1.6485E+0,-71.1574E-12
-1.6365E+0,-70.9130E-12
-1.6195E+0,-70.6577E-12
-1.6084E+0,-70.4339E-12
-1.5897E+0,-70.2334E-12
-1.5759E+0,-69.9589E-12
-1.5595E+0,-69.7070E-12
-1.5441E+0,-69.4770E-12
-1.5291E+0,-69.2374E-12
-1.5119E+0,-68.9889E-12
-1.4976E+0,-68.7658E-12
-1.4830E+0,-68.5420E-12
-1.4658E+0,-68.3004E-12
-1.4541E+0,-67.9710E-12
-1.4363E+0,-67.7588E-12
-1.4221E+0,-67.4939E-12
-1.4063E+0,-67.3003E-12
-1.3919E+0,-67.0463E-12
-1.3771E+0,-66.7491E-12
-1.3599E+0,-66.5164E-12
-1.3426E+0,-66.2350E-12
-1.3305E+0,-66.0201E-12
-1.3169E+0,-65.7984E-12
-1.3012E+0,-65.5026E-12
-1.2876E+0,-65.2445E-12
-1.2700E+0,-64.9700E-12
-1.2560E+0,-64.7160E-12
-1.2405E+0,-64.4586E-12
-1.2261E+0,-64.1457E-12
-1.2063E+0,-63.9418E-12
-1.1926E+0,-63.6905E-12
-1.1776E+0,-63.2837E-12
-1.1633E+0,-63.0667E-12
-1.1467E+0,-62.8724E-12
-1.1323E+0,-62.5697E-12
-1.1163E+0,-62.3542E-12
-1.0984E+0,-62.0035E-12
-1.0858E+0,-61.7153E-12
-1.0710E+0,-61.4030E-12
-1.0562E+0,-61.2053E-12
-1.0411E+0,-60.9293E-12
-1.0253E+0,-60.5794E-12
-1.0079E+0,-60.2342E-12
-995.0134E-3,-59.9700E-12
-981.4593E-3,-59.7592E-12
-969.4783E-3,-59.4051E-12
-945.1953E-3,-59.0901E-12
-935.2412E-3,-58.7313E-12
-919.6329E-3,-58.4293E-12
-903.7478E-3,-58.1212E-12
-891.9231E-3,-57.8706E-12
-875.1631E-3,-57.5289E-12
-861.0108E-3,-57.1632E-12
-844.9847E-3,-56.8160E-12
-826.0381E-3,-56.4681E-12
-812.9222E-3,-56.1634E-12
-799.7673E-3,-55.8525E-12
-785.6388E-3,-55.4950E-12
-768.4370E-3,-55.1053E-12
-753.2738E-3,-54.7560E-12
-738.8379E-3,-54.4273E-12
-722.6589E-3,-54.0444E-12
-708.7988E-3,-53.6396E-12
-696.2487E-3,-53.2835E-12
-678.9059E-3,-52.9466E-12
-662.1492E-3,-52.5240E-12
-650.4435E-3,-52.1096E-12
-629.8047E-3,-51.6787E-12
-613.9161E-3,-51.2821E-12
-602.6640E-3,-50.8629E-12
-588.2213E-3,-50.4348E-12
-572.0507E-3,-49.9711E-12
-558.1771E-3,-49.4860E-12
-542.5859E-3,-48.9770E-12
-525.9567E-3,-48.4803E-12
-510.5082E-3,-48.0234E-12
-494.1881E-3,-47.5274E-12
-483.6817E-3,-46.9629E-12
-464.3104E-3,-46.3415E-12
-451.6209E-3,-45.7831E-12
-436.7348E-3,-45.2090E-12
-420.1293E-3,-44.5916E-12
-405.3994E-3,-43.9105E-12
-390.3740E-3,-43.1835E-12
-376.2218E-3,-42.4510E-12
-361.0756E-3,-41.6986E-12
-345.4624E-3,-40.9291E-12
-333.9349E-3,-40.1294E-12
-314.9816E-3,-39.2776E-12
-296.0927E-3,-38.3929E-12
-284.5144E-3,-37.4505E-12
-268.1910E-3,-36.5686E-12
-252.0322E-3,-35.6167E-12
-239.0488E-3,-34.5482E-12
-221.8454E-3,-33.4565E-12
-212.4706E-3,-32.3962E-12
-194.5603E-3,-31.3682E-12
-180.7020E-3,-30.2408E-12
-163.9487E-3,-29.0353E-12
-149.7948E-3,-27.9346E-12
-132.7594E-3,-26.6831E-12
-119.8950E-3,-25.4741E-12
-104.1865E-3,-24.3481E-12
-87.8427E-3,-22.9855E-12
-72.2464E-3,-21.7052E-12
-53.9012E-3,-20.4619E-12
-40.7717E-3,-19.2002E-12
-26.0283E-3,-17.9061E-12
-13.4781E-3,-16.5895E-12
-2.6220E-3,-15.3181E-12
-2.6541E-3,-14.4588E-12
-1.1948E-3,-13.9230E-12
961.1964E-6,-13.5114E-12
2.1351E-3,-13.0463E-12
687.6148E-6,-12.7628E-12
-1.9287E-3,-12.5424E-12
-617.1579E-6,-12.2816E-12
1.7002E-3,-11.9954E-12
2.7195E-3,-11.8436E-12
-323.2557E-6,-11.6829E-12
2.2964E-3,-11.5351E-12
1.7171E-3,-11.4183E-12
3.3056E-3,-11.2096E-12
2.7246E-3,-11.0550E-12
2.4239E-3,-11.0081E-12
-2.4759E-3,-10.8802E-12
546.5935E-6,-10.7990E-12
1.1310E-3,-10.6404E-12
2.4476E-3,-10.5694E-12
1.5558E-3,-10.5170E-12
-469.3598E-6,-10.4557E-12
252.6928E-6,-10.3402E-12
549.9793E-6,-10.2494E-12
1.8378E-3,-10.1620E-12
-756.4865E-6,-10.0863E-12
-2.3467E-3,-10.0668E-12
1.4097E-3,-10.1049E-12
1.1175E-3,-9.8516E-12
2.4442E-3,-9.8636E-12
99.8143E-6,-9.8140E-12
1.8615E-3,-9.7259E-12
-1.0555E-3,-9.8120E-12
-36.1290E-6,-9.6266E-12
111.6677E-6,-9.5584E-12
1.2670E-3,-9.6472E-12
3.5809E-3,-9.4399E-12
-1.0622E-3,-9.5047E-12
3.8646E-3,-9.4701E-12
3.7118E-3,-9.2662E-12
4.3114E-3,-9.3468E-12
1.1073E-3,-9.3588E-12
2.4476E-3,-9.2324E-12
1.2636E-3,-9.2663E-12
400.4895E-6,-9.1673E-12
-330.0297E-6,-9.1033E-12
-1.1931E-3,-9.1701E-12
823.5590E-6,-9.0896E-12
-2.2277E-3,-9.0660E-12
395.4072E-6,-9.0685E-12
2.1470E-3,-9.0023E-12
1.9924E-3,-9.0013E-12
-333.4183E-6,-8.9716E-12
675.7628E-6,-8.9370E-12
1.5473E-3,-8.9470E-12
383.5548E-6,-8.8808E-12
3.5792E-3,-8.7914E-12
1.5575E-3,-8.8583E-12
-481.2155E-6,-8.8635E-12
-42.9044E-6,-8.8357E-12
694.3902E-6,-8.7683E-12
1.4232E-3,-8.6658E-12
402.1826E-6,-8.6970E-12
-1.0589E-3,-8.7283E-12
820.1737E-6,-8.6711E-12
-1.0538E-3,-8.6413E-12
402.1826E-6,-8.5909E-12
991.6781E-6,-8.5783E-12
1.6900E-3,-8.5780E-12
-917.8344E-6,-8.5701E-12
534.7373E-6,-8.5259E-12
259.4649E-6,-8.5140E-12
988.2909E-6,-8.4424E-12
2.8775E-3,-8.4592E-12
254.3859E-6,-8.4308E-12
-3.4952E-3,-8.4229E-12
-1.0470E-3,-8.3877E-12
1.4249E-3,-8.3661E-12
1.4198E-3,-8.3322E-12
699.4710E-6,-8.3401E-12
395.4072E-6,-8.2843E-12
2.5650E-3,-8.2703E-12
111.6677E-6,-8.3022E-12
-479.5224E-6,-8.2429E-12
3.4433E-3,-8.2015E-12
3.1443E-3,-8.1580E-12
2.8656E-3,-8.1680E-12
969.6626E-6,-8.1485E-12
1.1158E-3,-8.1235E-12
543.2039E-6,-8.0889E-12
981.5155E-6,-8.0900E-12
979.8224E-6,-8.0951E-12
1.4012E-3,-8.0770E-12
101.5065E-6,-8.0705E-12
257.7717E-6,-8.0387E-12
2.5683E-3,-8.0322E-12
544.9003E-6,-8.0100E-12
978.1293E-6,-8.0015E-12
2.2829E-3,-7.9586E-12
-189.0075E-6,-7.9755E-12
